{"Version":1,"ManifestType":"Publish","Endpoints":[{"Route":"assets/index-CRjCMaHh.css","AssetFile":"assets/index-CRjCMaHh.css","Selectors":[],"ResponseHeaders":[{"Name":"Accept-Ranges","Value":"bytes"},{"Name":"Cache-Control","Value":"no-cache"},{"Name":"Content-Length","Value":"1022"},{"Name":"Content-Type","Value":"text/css"},{"Name":"ETag","Value":"\"7hgy60RT6r2ojForsbOwfbZJL9mCEIV2sck/kLACsSw=\""},{"Name":"Last-Modified","Value":"Tue, 24 Jun 2025 10:15:09 GMT"}],"EndpointProperties":[{"Name":"integrity","Value":"sha256-7hgy60RT6r2ojForsbOwfbZJL9mCEIV2sck/kLACsSw="}]},{"Route":"assets/index-DWfd0RoP.js","AssetFile":"assets/index-DWfd0RoP.js","Selectors":[],"ResponseHeaders":[{"Name":"Accept-Ranges","Value":"bytes"},{"Name":"Cache-Control","Value":"no-cache"},{"Name":"Content-Length","Value":"188404"},{"Name":"Content-Type","Value":"text/javascript"},{"Name":"ETag","Value":"\"WfKrWxVzSSEHaT4na5+/gyagl389ZL0eWGct38/eWas=\""},{"Name":"Last-Modified","Value":"Tue, 24 Jun 2025 10:15:09 GMT"}],"EndpointProperties":[{"Name":"integrity","Value":"sha256-WfKrWxVzSSEHaT4na5+/gyagl389ZL0eWGct38/eWas="}]},{"Route":"index.html","AssetFile":"index.html","Selectors":[],"ResponseHeaders":[{"Name":"Accept-Ranges","Value":"bytes"},{"Name":"Cache-Control","Value":"no-cache"},{"Name":"Content-Length","Value":"459"},{"Name":"Content-Type","Value":"text/html"},{"Name":"ETag","Value":"\"E8tEVnBRvHH2zK1gmBLgqcGvUFh5ocUW7FMep0AmBfc=\""},{"Name":"Last-Modified","Value":"Tue, 24 Jun 2025 10:15:09 GMT"}],"EndpointProperties":[{"Name":"integrity","Value":"sha256-E8tEVnBRvHH2zK1gmBLgqcGvUFh5ocUW7FMep0AmBfc="}]},{"Route":"vite.svg","AssetFile":"vite.svg","Selectors":[],"ResponseHeaders":[{"Name":"Accept-Ranges","Value":"bytes"},{"Name":"Cache-Control","Value":"no-cache"},{"Name":"Content-Length","Value":"1497"},{"Name":"Content-Type","Value":"image/svg+xml"},{"Name":"ETag","Value":"\"SnSK/UQ5GLsWWRyDTEAdrjPoeGGrXbrQgRw6O0qSFPs=\""},{"Name":"Last-Modified","Value":"Mon, 12 May 2025 08:00:56 GMT"}],"EndpointProperties":[{"Name":"integrity","Value":"sha256-SnSK/UQ5GLsWWRyDTEAdrjPoeGGrXbrQgRw6O0qSFPs="}]}]}